id,name,email,created_at
6357a191-1644-43be-a285-c516fbfa7dc3,Matthew Garcia,walkeralicia@example.org,2025-07-14T06:43:02
b0f59cc7-b151-44d3-a280-601e003b9d90,Whitney Henry,jamestrevino@example.com,1998-11-10T22:26:28
8bcdfe0d-7fdd-475a-a29d-b58b6138b479,Emily Roth,xavierking@example.org,1989-02-24T19:38:47
79adace5-b1e6-4535-8cbe-e987b924c834,Melissa Hogan,hdaniels@example.com,1989-03-08T21:38:50
8ecb0141-4e2f-4b42-acdc-538273a0d1f2,Tracy Gregory,qballard@example.org,1990-10-14T19:56:48
580a6d27-5949-4830-bf54-a7e2d48bdfd2,Heather Ortiz,williamsondiana@example.com,1998-01-16T22:29:56
89011f9f-3722-4c79-bbb6-b0a76042bead,Christopher Shepard,douglashorton@example.org,1996-01-07T02:33:01
3b9f2a19-9717-4971-9ade-9ba123e10de9,Trevor Petersen,vaughangloria@example.org,1994-08-08T08:25:37
b31a345e-25e5-4f38-aeb4-acc850978ba6,Rachel Allen,stephaniecharles@example.org,2003-03-02T11:39:48
e91b15df-ccde-4e7f-a788-7a232dd066a2,Alexander Spencer,angelica26@example.org,2010-07-22T16:19:15
1e047722-1b1a-4fb2-8417-cbe8de7e6969,Valerie Thompson,cruzmichael@example.com,2012-06-05T05:36:27
18a3195f-cf92-496b-97b0-edb52e1a731b,Justin Williams,aandrews@example.net,1973-11-26T08:26:55
d4190cda-4888-4c95-ad7c-89da7d9cc3cd,Jessica Nelson,davidblack@example.com,1981-05-30T19:14:39
e7660e50-697f-4092-b308-3db761d2dac9,Chris Warren,cmoran@example.net,2025-06-27T01:59:30
d2cb5b50-c5b1-47af-8535-099190c3a043,Eric Henderson,jamesleslie@example.net,1989-08-21T11:39:37
501e2e49-c0a7-48e1-b3e8-a512055736c9,Christopher Clayton,xlandry@example.org,1978-08-13T21:39:15
1468a62b-6f6a-441d-8c1a-b9fb6817fe1d,Erica Thomas,kimarellano@example.com,2004-03-11T16:38:27
457a2ad3-7ef5-4ca0-a2bc-69002fbad682,Joshua Hernandez,michaellopez@example.net,2021-06-24T11:32:29
33276814-62dd-4b8e-a69f-55da09175ee1,Ashley Austin,dmcguire@example.org,1978-10-09T13:03:39
f211a44b-b488-4ebb-a5d6-915d8924fb1d,Dennis Quinn,marcusphillips@example.org,1989-07-06T02:46:08
4ac6df34-5959-4574-ae5b-1886a1fddfe8,Heather Anderson,roachalexander@example.net,2001-08-20T18:22:16
51038a37-ab7d-4b52-bf21-6a4920c64057,Richard Reyes,mcook@example.org,2009-08-19T14:33:54
0916cca1-5c29-436c-9387-5b678a81ed8b,Alexandra Wilson,thomas19@example.net,2009-04-27T18:06:27
5b72acb6-9b57-4b15-8647-53225bbe1988,Crystal Landry,thomas61@example.com,1975-10-16T13:39:52
023d8f3e-6cb5-418b-a17b-819ec054c03d,Jillian Martin,gmoore@example.org,1992-07-30T09:19:36
5b57181f-50e3-4085-8a5b-3df224928441,Elizabeth Mitchell,glen31@example.com,2006-05-02T00:23:56
d0cb7be5-5cbd-42ae-a695-235beef21d69,Charles Kirby,rachaelhernandez@example.com,2009-11-11T13:27:34
ffc891af-a8f3-4e8d-98f6-83ad1d53723d,Mr. John Murphy,martinbenjamin@example.org,2001-11-20T06:10:48
55677cba-af3a-4739-8623-ea28c10c595d,William Evans,rstewart@example.com,2010-09-27T22:01:33
c513548a-8f35-469b-8507-718039a80f47,Travis Bowers,raymichael@example.net,2023-02-05T02:56:39
b4f668d0-92e0-4698-8764-67c2d19d3e19,Michael Evans,tonywest@example.org,1994-06-15T09:16:43
76d34b36-61e2-468f-9240-58de3a1d60ae,Sherry Sanchez DDS,vcastillo@example.com,1993-08-05T16:15:38
aa646c89-4e58-4f48-a135-cb9b9e37d8b1,John Harris,farmerjudith@example.org,2016-11-07T17:46:50
e52c89d4-36b1-43f0-986e-a60a3ce52966,Meghan Rogers,howard70@example.org,1988-07-25T03:48:31
f1b15038-ed98-4e90-8851-fa7dcbfa6af0,Sarah Villarreal,kmckinney@example.org,2005-12-25T17:33:53
0f393c04-a0dd-4367-810c-c2b6e1b85cc4,James Adams,anthonysheppard@example.org,1979-03-16T03:40:56
38cd607a-0045-4b80-b08b-df67b99f40c5,Kelly Green,kathy07@example.net,2025-02-03T03:13:22
669948fa-5b96-44ea-b959-6775695f7efd,Karen Sanchez,littlekyle@example.org,1976-09-15T10:32:33
3ec38d38-aaa3-450d-80e7-7ca7f3100817,Sandra Kim,vvazquez@example.net,2011-06-17T09:06:38
9a958f55-5ac4-400b-80ef-f57e06c96414,Angel Solomon,tking@example.net,2014-05-04T13:32:13
c4e6e5ca-16e3-4440-ab57-214c1de43c70,Aaron Roberson,joanna29@example.net,1992-07-14T16:08:36
1cdfbc94-fb79-43c6-a1af-d74bf3c334ca,Tracy Lester,laura12@example.com,2022-04-04T15:42:02
de8b4a34-7ca1-42a5-b072-f94a2834f646,Michael Tran,saramatthews@example.net,2020-06-17T05:09:01
7cdae5e7-3ee8-41a6-8a38-ea7ddb1e33e5,Jeffrey Fisher,robertvilla@example.org,2022-10-17T00:53:14
00af0e9a-5773-445f-b45f-f24258c5e19d,Kristen Glover,andrewbrooks@example.org,2007-04-18T05:51:33
01549056-f84c-4eff-94f8-6aef0429e3a0,Susan Brown,daisy15@example.com,1982-11-27T11:09:21
2a729ecd-79a3-4b2e-a6c5-985b2082b94a,Dr. Andrew Chang,emily49@example.com,2024-09-16T20:26:43
db3ed193-533b-45bb-9f1d-279c8f4ed749,Michelle Duncan,jeffreyprice@example.com,2021-05-24T09:43:32
286e469e-3235-4b2e-a256-a1662591784e,Sarah Kramer,markmendoza@example.net,2018-07-18T13:43:01
91ac2e20-dc99-4843-a5b5-938d3ae8caff,Felicia Calderon,william33@example.net,2018-03-08T17:20:36
7b4454de-1850-4336-a963-052fde16456c,Angel Jackson,james82@example.com,1976-02-13T17:59:11
89a9c66c-481c-4ba5-acc3-f7cdbc19f9fd,Kimberly Beck,qcastro@example.net,2012-06-30T23:36:45
39976d6c-9142-4136-a147-16165879b283,Tammy King,lopezpaul@example.net,1995-01-21T13:07:40
e80bb531-7f63-47f6-b4d7-f16baf62af59,Isaac Santiago,zdaniels@example.org,1975-11-29T13:36:24
4e2ea979-2443-4339-ac1b-d3c1a04cf227,Bruce Lopez,allisonfrank@example.net,1987-06-22T03:59:41
f35d9a58-dcd2-4e32-a92f-a3d22022ae7d,Mr. Michael Reynolds,beth07@example.com,1993-01-04T02:36:30
da4db9aa-3e66-4145-b360-8ccc0f38f339,Jason Harris,marklee@example.org,2025-12-11T19:36:24
86910d59-7c49-4925-83e3-6647d960fd55,Justin Beck,kevin60@example.com,1989-07-08T16:39:50
a16fcab0-1cb5-40fc-8cba-cbec02b4703d,Joseph Bentley,heather51@example.net,2000-08-13T19:56:24
8599fc4e-0f29-44b7-a6e4-ff9d1291a7c1,Carolyn Bird,edwardday@example.org,1988-04-17T03:30:28
a6a99570-da5e-4f38-ad12-5e429c9a3deb,Danny Figueroa,snyderjohn@example.net,1986-10-21T08:49:30
ce676767-0601-4bcc-9b91-7f61425c9a78,Shelby Peters,jacobsaudrey@example.net,2011-04-01T20:51:57
237f5294-b225-4420-8787-637d4416a4a0,Angela Phillips,danielle20@example.net,1987-06-01T13:39:47
582a263c-9853-4327-acc3-7b2beb161986,Stephanie Kelley,bryantchelsea@example.org,1986-12-27T05:56:47
2bfb861b-f630-48be-ad1d-af504f6f4841,Maria Martin,cristianevans@example.net,2011-09-12T16:59:48
8060bb13-02a6-4114-a355-6998f4f76852,Mr. Ian Ross,nunezmichael@example.org,2006-07-15T10:15:06
cbd8e96a-b589-4350-bd0f-a4755991f88c,Heidi Morales,brentpowell@example.net,2011-11-28T17:32:17
407d387b-f339-482b-afec-4ae1f751e0a1,Todd Hill,dustin40@example.org,1994-03-22T10:56:10
c88d24ba-785f-46ac-bd70-c0d9e2b0be48,Jermaine Foster,victoriahuang@example.com,2015-09-01T23:03:41
28b4a698-de3f-4856-8026-1e440a029eed,Bradley Bautista,ihunter@example.com,2017-08-20T06:43:03
086734b2-33af-4e7d-bea6-7278a88ebf6b,Penny Owens,qharrison@example.com,1978-08-12T05:42:17
1e7e3eb4-8b44-468a-8162-0ad563a7a52b,James Cantu,pettynathaniel@example.com,1995-08-06T04:55:08
d64e230b-1f99-41b6-997e-dfa20e4ad068,Michael Davis MD,umann@example.net,2019-01-08T10:19:11
d97eefef-5051-4188-8041-f7b61ca35ad4,Jennifer George,uwatkins@example.com,1990-01-29T05:53:35
8d868e7e-05f0-4fd4-876a-7324a7a64ee5,Brandy Davis DDS,bbowman@example.com,2012-02-25T21:20:52
7db1f1dd-35d6-4410-aa0f-0f92b7a528ca,Samantha Murphy,joshuamooney@example.org,2009-01-14T10:04:21
85328d58-cf92-4748-b73f-36e0b6820cee,Heather Nguyen,anitamiller@example.net,1998-12-10T17:09:43
37fd5d4d-4998-424c-90d6-80014ff3455c,Cory Willis,dhaynes@example.org,1983-05-14T19:01:29
fb8a0a09-66fa-4d6e-9af3-b2ef59d22ce1,Jessica Meyer,villamike@example.com,2002-10-31T01:04:53
efee52e2-e9ac-4927-83ac-b21e0e9d6239,Mackenzie Adkins,mark10@example.org,1975-07-06T18:01:56
bb95063d-e6c5-4514-9626-19994018a002,Charles Bradley,johncamacho@example.net,2024-11-27T03:38:04
d5bf6a25-27a8-4c2a-9089-7f1a896fa2ed,Gary Chavez MD,vincenthall@example.org,2015-05-24T21:18:00
9442a954-5694-4355-992a-28dd72bd1b31,Rachel Burns,ygarcia@example.org,1999-03-28T03:13:46
b2de7fb8-1d03-4d12-8ce9-efd245da3b17,Sharon Simmons,harrisnatalie@example.net,1977-04-09T05:14:57
4efd930a-26eb-4d7a-b973-b009dee4b7a8,Deborah Hansen,toddrivera@example.org,2026-02-21T01:03:45
c1a7d28b-f145-4edc-b0c1-cf803368916a,Gail Parks,sharonburgess@example.org,2016-04-08T00:44:33
49bd5ce4-9b2a-43fc-a63d-37965772bfe3,Kaitlyn Mckee,jimenezmary@example.com,2000-10-14T00:38:52
afaa846d-63b2-4ebb-9981-06d171d60f25,Dominic Franco,ljones@example.com,2005-10-10T20:44:34
d3edf041-b164-475e-942b-64e9e4d75b8f,Nicole Woodard,snyderjamie@example.net,1994-07-30T01:26:35
a95ce689-83e6-4826-9615-bec17c9e5e5f,Michelle Anderson,samantha32@example.com,1973-11-21T13:57:19
162ef999-15e5-4a53-9935-2ca32db5d668,Nichole Johnston,akelly@example.com,2000-05-02T01:55:40
c8309b4e-d41c-4d8e-9216-cb1adf66ead7,Terry Leonard,nancy54@example.com,2005-03-10T19:27:52
81c5f102-30f8-41a7-bdbe-947d898ed049,David Cooper,stephaniewilson@example.com,2011-03-04T14:13:02
09b41b19-842f-43ed-9e0a-4b351cd49682,Steven Henry,williamsjulia@example.net,2026-03-05T09:09:46
e41daee6-231b-4fa6-becc-7c04c85d2808,Shannon Richardson,rebekah18@example.com,2026-02-02T09:33:52
555f5376-0991-4d80-9523-3c50eda5eef7,Logan Bender DVM,deborah71@example.net,2025-08-22T08:50:25
dd4f1a82-1e82-491a-87f5-28400439485b,James Clarke,rwillis@example.com,2003-03-01T18:23:40
159f516d-4059-4c2e-bd50-5e7bdfb8c137,Patricia Garcia DVM,beckerjenna@example.org,1993-05-08T10:41:01
d4368f0c-c725-4bd0-ad14-84ba5d53f4cf,Elizabeth Lee,christopher57@example.org,1998-04-25T16:15:21
25ed7c29-23db-44e9-ada3-0e2a5f3e665e,Brian Reed,wmartin@example.org,1988-06-29T23:02:49
